Player,Market Value (Euros)
Thibaut Courtois,28000000.0
Andriy Lunin,25000000.0
Kepa Arrizabalaga,12000000.0
Éder Militão,60000000.0
Antonio Rüdiger,25000000.0
David Alaba,20000000.0
Ferland Mendy,22000000.0
Lucas Vázquez,4000000.0
Álvaro Odriozola,2500000.0
Aurélien Tchouaméni,100000000.0
Federico Valverde,120000000.0
Eduardo Camavinga,100000000.0
Toni Kroos,10000000.0
Dani Ceballos,6000000.0
Jude Bellingham,180000000.0
Brahim Díaz,40000000.0
Nico Paz,10000000.0
Rodrygo,110000000.0
Arda Güler,30000000.0
Joselu,5000000.0
Marc-André ter Stegen,28000000.0
Iñaki Peña,8000000.0
Ander Astralaga,1000000.0
Andreas Christensen,40000000.0
Pau Cubarsí,30000000.0
Eric García,20000000.0
Iñigo Martínez,5000000.0
Alejandro Balde,40000000.0
Marcos Alonso,2000000.0
Jules Koundé,45000000.0
João Cancelo,25000000.0
Oriol Romeu,2000000.0
Gavi,90000000.0
Pedri,80000000.0
Frenkie de Jong,70000000.0
Fermín López,30000000.0
İlkay Gündoğan,15000000.0
Sergi Roberto,2500000.0
Raphinha,50000000.0
Ansu Fati,25000000.0
Abde Ezzalzouli,9000000.0
Lamine Yamal,90000000.0
João Félix,30000000.0
Vitor Roque,30000000.0
Robert Lewandowski,15000000.0
Álex Remiro,25000000.0
Unai Marrero,300000.0
Robin Le Normand,40000000.0
Igor Zubeldia,22000000.0
Jon Pacheco,15000000.0
Aritz Elustondo,5000000.0
Kieran Tierney,12000000.0
Aihen Muñoz,8000000.0
Javi Galán,7000000.0
Diego Rico,1500000.0
Hamari Traoré,6000000.0
Álvaro Odriozola,2500000.0
Martín Zubimendi,50000000.0
Urko González de Zarate,1200000.0
Mikel Merino,50000000.0
Beñat Turrientes,20000000.0
Brais Méndez,40000000.0
Arsen Zakharyan,18000000.0
Pablo Marín,1500000.0
Ander Barrenetxea,20000000.0
Sheraldo Becker,10000000.0
Martín Merquelanz,600000.0
Takefusa Kubo,50000000.0
Mikel Oyarzabal,45000000.0
Umar Sadiq,10000000.0
André Silva,6000000.0
Jon Karrikaburu,2500000.0
Carlos Fernández,1500000.0
Jan Oblak,28000000.0
Mario Hermoso,25000000.0
José María Giménez,22000000.0
Çağlar Söyüncü,10000000.0
Axel Witsel,3500000.0
César Azpilicueta,2000000.0
Gabriel Paulista,2000000.0
Reinildo Mandava,9000000.0
Javi Galán,7000000.0
Nahuel Molina,28000000.0
Arthur Vermeeren,25000000.0
Rodrigo De Paul,30000000.0
Pablo Barrios,25000000.0
Koke,12000000.0
Saúl Ñíguez,7500000.0
Marcos Llorente,30000000.0
Thomas Lemar,10000000.0
Samuel Lino,30000000.0
Rodrigo Riquelme,25000000.0
Yannick Carrasco,14000000.0
Marcos Paulo,2000000.0
Vitolo,100000.0
Ángel Correa,18000000.0
João Félix,30000000.0
Antoine Griezmann,25000000.0
Álvaro Morata,16000000.0
Paulo Gazzaniga,4000000.0
Toni Fuidias,300000.0
Juan Carlos,200000.0
Eric García,20000000.0
Santiago Bueno,8000000.0
Daley Blind,3000000.0
David López,2500000.0
Juanpe,1000000.0
Bernardo Espinosa,550000.0
Eric Monjonell,200000.0
Miguel Gutiérrez,25000000.0
Yan Couto,25000000.0
Aleix García,25000000.0
Yangel Herrera,25000000.0
Jhon Solís,3000000.0
Iván Martín,15000000.0
Borja García,800000.0
Toni Villa,1500000.0
Portu,3500000.0
Valery Fernández,2500000.0
Artem Dovbyk,35000000.0
Cristhian Stuani,1800000.0
Unai Simón,30000000.0
Julen Agirrezabala,5000000.0
Aitor Paredes,22000000.0
Yeray Álvarez,8000000.0
Yuri Berchiche,1800000.0
Iñigo Lekue,3000000.0
Óscar de Marcos,1500000.0
Mikel Vesga,4000000.0
Peru Nolaskoain,1000000.0
Beñat Prados,15000000.0
Iñigo Ruiz de Galarreta,5000000.0
Ander Herrera,2000000.0
Dani García,1800000.0
Oihan Sancet,35000000.0
Unai Gómez,6000000.0
Iker Muniain,5000000.0
Raúl García,1500000.0
Nico Williams,60000000.0
Álex Berenguer,12000000.0
Iñaki Williams,25000000.0
Adu Ares,2000000.0
Gorka Guruzeta,18000000.0
Asier Villalibre,2500000.0
Filip Jørgensen,20000000.0
Pepe Reina,600000.0
Matteo Gabbia,8000000.0
Yerson Mosquera,6000000.0
Jorge Cuenca,6000000.0
Eric Bailly,3000000.0
Aïssa Mandi,1800000.0
Raúl Albiol,1500000.0
Alfonso Pedraza,5000000.0
Alberto Moreno,1800000.0
Carlos Romero,1500000.0
Juan Foyth,15000000.0
Adrià Altimira,2000000.0
Kiko Femenía,1400000.0
Ramón Terrats,4000000.0
Étienne Capoue,1500000.0
Francis Coquelin,1500000.0
Santi Comesaña,6000000.0
Manu Trigueros,1500000.0
Denis Suárez,1500000.0
Gonçalo Guedes,15000000.0
Ilias Akhomach,15000000.0
Bertrand Traoré,9000000.0
Alexander Sørloth,25000000.0
Gerard Moreno,10000000.0
José Luis Morales,1500000.0
Giorgi Mamardashvili,35000000.0
Jaume Doménech,800000.0
Cristhian Mosquera,30000000.0
Yarek Gasiorowski,15000000.0
Cenk Özkacar,4000000.0
Mouctar Diakhaby,2000000.0
Gabriel Paulista,2000000.0
Thierry Correia,6000000.0
Dimitri Foulquier,2500000.0
Hugo Guillamón,8000000.0
Javi Guerra,20000000.0
Selim Amallah,1500000.0
Pablo Gozálbez,800000.0
Diego López,14000000.0
Fran Pérez,8000000.0
Peter Federico,3000000.0
Sergi Canós,2500000.0
Hugo Duro,16000000.0
Roman Yaremchuk,3500000.0
Alberto Marí,1500000.0
Ørjan Nyland,1400000.0
Kike Salas,10000000.0
Marcão,4000000.0
Federico Gattoni,3500000.0
Tanguy Nianzou,3000000.0
Sergio Ramos,2500000.0
Adrià Pedrosa,6000000.0
Marcos Acuña,4000000.0
Juanlu Sánchez,15000000.0
Gonzalo Montiel,10000000.0
Jesús Navas,2500000.0
Boubakary Soumaré,14000000.0
Nemanja Gudelj,3500000.0
Fernando,2000000.0
Djibril Sow,9000000.0
Óliver Torres,6000000.0
Joan Jordán,3500000.0
Hannibal,9000000.0
Lucas Ocampos,9000000.0
Suso,4000000.0
Adnan Januzaj,2000000.0
Youssef En-Nesyri,20000000.0
Isaac Romero,18000000.0
Rafa Mir,2500000.0
Rui Silva,8000000.0
Claudio Bravo,800000.0
Chadi Riad,15000000.0
Germán Pezzella,3000000.0
Marc Bartra,1000000.0
Sokratis Papastathopoulos,700000.0
Juan Miranda,9000000.0
Abner,7000000.0
Héctor Bellerín,4000000.0
Youssouf Sabaly,2500000.0
Guido Rodríguez,20000000.0
Marc Roca,9000000.0
William Carvalho,3000000.0
Paul Akouokou,1500000.0
Sergi Altimira,2500000.0
Andrés Guardado,1000000.0
Pablo Fornals,14000000.0
Nabil Fekir,10000000.0
Isco,8000000.0
Abde Ezzalzouli,9000000.0
Luiz Henrique,12000000.0
Assane Diao,12000000.0
Aitor Ruibal,3500000.0
Juan Cruz,1500000.0
Ayoze Pérez,7000000.0
Borja Iglesias,5000000.0
Willian José,5000000.0
Cédric Bakambu,2500000.0
Iván Villar,1200000.0
Agustín Marchesín,800000.0
Vicente Guaita,800000.0
Unai Núñez,7000000.0
Carl Starfelt,6000000.0
Joseph Aidoo,4000000.0
Manu Sánchez,8000000.0
Óscar Mingueza,8000000.0
Javier Manquillo,1800000.0
Kevin Vázquez,800000.0
Renato Tapia,5000000.0
Jailson,1500000.0
Fran Beltrán,6000000.0
Luca de la Torre,3000000.0
Hugo Sotelo,2500000.0
Carlos Dotor,2000000.0
Jonathan Bamba,9000000.0
Williot Swedberg,5000000.0
Franco Cervi,1500000.0
Tadeo Allende,4000000.0
Carles Pérez,2500000.0
Miguel Rodríguez,800000.0
Jørgen Strand Larsen,25000000.0
Anastasios Douvikas,6000000.0
Iago Aspas,3000000.0
Gonçalo Paciência,1500000.0
Augusto Batalla,5000000.0
André Ferreira,800000.0
Marc Martínez,300000.0
Raúl Fernández,200000.0
Bruno Méndez,5000000.0
Raúl Torrente,3000000.0
Ignasi Miquel,1200000.0
Jesús Vallejo,1000000.0
Faitout Maouassa,4000000.0
Carlos Neva,2500000.0
Ricard Sánchez,2500000.0
Wilson Manafá,1300000.0
Víctor Díaz,400000.0
Gerard Gumbau,3000000.0
Martin Hongla,2500000.0
Gonzalo Villar,3000000.0
Sergio Ruiz,2000000.0
Óscar Melendo,2000000.0
Bryan Zaragoza,12000000.0
Myrto Uzuni,8000000.0
Kamil Jóźwiak,2000000.0
Alberto Perea,450000.0
Facundo Pellistri,8000000.0
Antonio Puertas,2000000.0
Theo Corbeanu,1500000.0
José Callejón,800000.0
Lucas Boyé,7000000.0
Shon Weissman,1700000.0
David Soria,5000000.0
Daniel Fuzato,900000.0
Gastón Álvarez,15000000.0
Omar Alderete,5000000.0
Djené,2500000.0
Domingos Duarte,2000000.0
Stefan Mitrovic,1300000.0
Diego Rico,1500000.0
Fabrizio Angileri,1000000.0
José Ángel Carmona,3500000.0
Damián Suárez,650000.0
Mauro Arambarri,5000000.0
Luis Milla,3500000.0
Carles Aleñá,3000000.0
Ilaix Moriba,3000000.0
Yellu Santiago,1000000.0
Diego López,100000.0
Mason Greenwood,25000000.0
Portu,3500000.0
Enes Ünal,18000000.0
Borja Mayoral,15000000.0
Juanmi Latasa,2800000.0
Jaime Mata,900000.0
Antonio Sivera,6000000.0
Jesús Owono,1000000.0
Abdel Abqar,7500000.0
Rafa Marín,7500000.0
Aleksandar Sedlar,400000.0
Álvaro García,150000.0
Javi López,7500000.0
Rubén Duarte,3000000.0
Andoni Gorosabel,5000000.0
Nahuel Tenaglia,2000000.0
Antonio Blanco,7500000.0
Ander Guevara,5000000.0
Jon Guridi,4000000.0
Ianis Hagi,2000000.0
Luis Rioja,4000000.0
Abde Rebbach,800000.0
Carlos Vicente,4000000.0
Giuliano Simeone,3000000.0
Xeber Alkain,1500000.0
Jon Karrikaburu,2500000.0
Aarón Escandell,1000000.0
Mika Mármol,15000000.0
Saúl Coco,8000000.0
Eric Curbelo,800000.0
Sergi Cardona,6000000.0
Daley Sinkgraven,1000000.0
Marvin Park,2000000.0
Álvaro Lemos,700000.0
Máximo Perrone,9000000.0
Enzo Loiodice,4000000.0
Fabio González,500000.0
Alberto Moleiro,15000000.0
Kirian Rodríguez,12000000.0
Jonathan Viera,1000000.0
Pejiño,1200000.0
Benito Ramírez,600000.0
Munir El Haddadi,2500000.0
Sandro Ramírez,1500000.0
Sory Kaba,1500000.0
Marc Cardona,1400000.0
Cristian Herrera,300000.0
Sergio Herrera,6000000.0
Aitor Fernández,1800000.0
David García,10000000.0
Jorge Herrando,6000000.0
Unai García,1200000.0
Juan Cruz,2200000.0
Johan Mojica,2200000.0
Jesús Areso,7500000.0
Rubén Peña,2200000.0
Nacho Vidal,2000000.0
Iker Muñoz,5000000.0
Lucas Torró,4000000.0
Jon Moncayola,7000000.0
Pablo Ibáñez,2500000.0
Aimar Oroz,15000000.0
Moi Gómez,3500000.0
Rubén García,2500000.0
Kike Barja,2000000.0
Ante Budimir,5000000.0
Raúl García,4000000.0
Luís Maximiano,5000000.0
Diego Mariño,300000.0
César Montes,3000000.0
Kaiky,2000000.0
Chumi,2000000.0
Sergio Akieme,7000000.0
Bruno Langa,1500000.0
Álex Centelles,1200000.0
Marc Pubill,4000000.0
Houboulang Mendes,700000.0
Dion Lopy,10000000.0
Lucas Robertone,7000000.0
Iddrisu Baba,2200000.0
Arnau Puigmal,1800000.0
Gonzalo Melero,1800000.0
Sergio Arribas,10000000.0
Jonathan Viera,1000000.0
Largie Ramazani,5000000.0
Lázaro,3500000.0
Luka Romero,5000000.0
Ibrahima Koné,2500000.0
Léo Baptistão,1500000.0
Marko Milovanovic,900000.0
Predrag Rajković,10000000.0
Dominik Greif,2500000.0
Iván Cuéllar,100000.0
Martin Valjent,6000000.0
David López,100000.0
Toni Lato,3500000.0
Jaume Costa,900000.0
Pablo Maffeo,5000000.0
Giovanni González,3000000.0
Nacho Vidal,2000000.0
Omar Mascarell,1000000.0
Sergi Darder,6000000.0
Manu Morlanes,2500000.0
Antonio Sánchez,2500000.0
Dani Rodríguez,1000000.0
Nemanja Radonjić,2800000.0
Javi Llabrés,700000.0
Vedat Muriqi,12000000.0
Cyle Larin,4000000.0
Abdón Prats,1800000.0
Stole Dimitrievski,4000000.0
Florian Lejeune,3000000.0
Abdul Mumin,2500000.0
Aridane Hernández,800000.0
Martín Pascual,300000.0
Alfonso Espino,2400000.0
Pep Chavarría,2000000.0
Iván Balliu,2000000.0
Miguel Crespo,4000000.0
Óscar Valentín,4000000.0
Kike Pérez,3000000.0
Unai López,3000000.0
Pathé Ciss,2500000.0
Randy Nteka,1500000.0
José Pozo,1000000.0
Álvaro García,3000000.0
Bebé,600000.0
Jorge de Frutos,4000000.0
Sergio Camello,3000000.0
Raúl de Tomás,2000000.0
Radamel Falcao,800000.0
David Gil,700000.0
Fali,2000000.0
Víctor Chust,2000000.0
Jorge Meré,1000000.0
Luis Hernández,500000.0
Momo Mbaye,400000.0
Javi Hernández,2500000.0
Lucas Pires,2000000.0
José Mari,200000.0
Rominigue Kouamé,2000000.0
Rubén Alcaraz,1500000.0
Álex Fernández,1500000.0
Gonzalo Escalante,1500000.0
Fede San Emeterio,1500000.0
Juanmi,6000000.0
Darwin Machís,2000000.0
Brian Ocampo,900000.0
Iván Alejo,1500000.0
Chris Ramos,4000000.0
Maxi Gómez,2000000.0
Rubén Sobrino,1400000.0
Roger Martí,1200000.0
Sergi Guardiola,800000.0
Álvaro Negredo,300000.0
Ederson,35000000.0
Stefan Ortega,9000000.0
Zack Steffen,2000000.0
Scott Carson,200000.0
Rúben Dias,80000000.0
Manuel Akanji,45000000.0
Nathan Aké,40000000.0
John Stones,38000000.0
Josh Wilson-Esbrand,4000000.0
Rico Lewis,38000000.0
Kyle Walker,13000000.0
Issa Kaboré,10000000.0
Rodri,120000000.0
Kalvin Phillips,25000000.0
Máximo Perrone,9000000.0
Matheus Nunes,50000000.0
Cole Palmer,80000000.0
Bernardo Silva,70000000.0
Kevin De Bruyne,50000000.0
James McAtee,12000000.0
Jack Grealish,60000000.0
Phil Foden,150000000.0
Oscar Bobb,25000000.0
Sergio Gómez,10000000.0
Erling Haaland,180000000.0
David Raya,35000000.0
Aaron Ramsdale,25000000.0
Matt Turner,7000000.0
William Saliba,80000000.0
Gabriel Magalhães,70000000.0
Jakub Kiwior,30000000.0
Rob Holding,5000000.0
Oleksandr Zinchenko,38000000.0
Kieran Tierney,12000000.0
Ben White,55000000.0
Takehiro Tomiyasu,35000000.0
Cédric Soares,2000000.0
Thomas Partey,18000000.0
Jorginho,12000000.0
Mohamed Elneny,3500000.0
Declan Rice,120000000.0
Albert Sambi Lokonga,15000000.0
Martin Ødegaard,110000000.0
Emile Smith Rowe,22000000.0
Gabriel Martinelli,70000000.0
Leandro Trossard,35000000.0
Bukayo Saka,140000000.0
Reiss Nelson,15000000.0
Kai Havertz,70000000.0
Gabriel Jesus,65000000.0
Eddie Nketiah,30000000.0
Robert Sánchez,20000000.0
Marcus Bettinelli,1000000.0
Levi Colwill,50000000.0
Axel Disasi,40000000.0
Benoît Badiashile,30000000.0
Wesley Fofana,25000000.0
Trevoh Chalobah,13000000.0
Malang Sarr,4000000.0
Thiago Silva,1000000.0
Ian Maatsen,40000000.0
Ben Chilwell,28000000.0
Marc Cucurella,25000000.0
Diego Moreira,3000000.0
Reece James,40000000.0
Malo Gusto,35000000.0
Moisés Caicedo,75000000.0
Roméo Lavia,35000000.0
Lesley Ugochukwu,25000000.0
Enzo Fernández,75000000.0
Conor Gallagher,50000000.0
Andrey Santos,15000000.0
Carney Chukwuemeka,15000000.0
Cesare Casadei,10000000.0
Cole Palmer,80000000.0
Christopher Nkunku,65000000.0
Raheem Sterling,35000000.0
Noni Madueke,28000000.0
Nicolas Jackson,35000000.0
Armando Broja,22000000.0
David Datro Fofana,12000000.0
Deivid Washington,9000000.0
Alisson,28000000.0
Caoimhín Kelleher,20000000.0
Adrián,600000.0
Ibrahima Konaté,45000000.0
Virgil van Dijk,30000000.0
Joe Gomez,28000000.0
Jarell Quansah,22000000.0
Rhys Williams,1800000.0
Andrew Robertson,30000000.0
Trent Alexander-Arnold,70000000.0
Conor Bradley,15000000.0
Ryan Gravenberch,35000000.0
Wataru Endo,13000000.0
Stefan Bajcetic,11000000.0
Dominik Szoboszlai,75000000.0
Alexis Mac Allister,75000000.0
Curtis Jones,35000000.0
Harvey Elliott,35000000.0
Thiago Alcántara,10000000.0
Luis Díaz,75000000.0
Cody Gakpo,50000000.0
Mohamed Salah,55000000.0
Ben Doak,10000000.0
Darwin Núñez,70000000.0
Diogo Jota,50000000.0
Guglielmo Vicario,35000000.0
Hugo Lloris,1200000.0
Fraser Forster,1200000.0
Brandon Austin,600000.0
Alfie Whiteman,500000.0
Cristian Romero,60000000.0
Micky van de Ven,55000000.0
Radu Drăgușin,25000000.0
Eric Dier,12000000.0
Ben Davies,10000000.0
Ashley Phillips,2200000.0
Japhet Tanganga,1800000.0
Destiny Udogie,45000000.0
Sergio Reguilón,12000000.0
Ryan Sessegnon,10000000.0
Pedro Porro,45000000.0
Yves Bissouma,35000000.0
Rodrigo Bentancur,35000000.0
Oliver Skipp,15000000.0
Pape Matar Sarr,45000000.0
Giovani Lo Celso,16000000.0
James Maddison,70000000.0
Dejan Kulusevski,55000000.0
Timo Werner,17000000.0
Bryan Gil,14000000.0
Manor Solomon,13000000.0
Brennan Johnson,48000000.0
Richarlison,38000000.0
André Onana,35000000.0
Dean Henderson,12000000.0
Altay Bayındır,10000000.0
Tom Heaton,250000.0
Lisandro Martínez,45000000.0
Raphaël Varane,20000000.0
Harry Maguire,18000000.0
Victor Lindelöf,15000000.0
Willy Kambwala,5000000.0
Jonny Evans,2000000.0
Luke Shaw,32000000.0
Tyrell Malacia,18000000.0
Sergio Reguilón,12000000.0
Diogo Dalot,35000000.0
Aaron Wan-Bissaka,20000000.0
Sofyan Amrabat,22000000.0
Casemiro,20000000.0
Kobbie Mainoo,50000000.0
Scott McTominay,32000000.0
Christian Eriksen,8000000.0
Donny van de Beek,5000000.0
Bruno Fernandes,70000000.0
Mason Mount,35000000.0
Hannibal,9000000.0
Marcus Rashford,60000000.0
Alejandro Garnacho,45000000.0
Jadon Sancho,30000000.0
Antony,25000000.0
Amad Diallo,18000000.0
Facundo Pellistri,8000000.0
Shola Shoretire,4000000.0
Rasmus Højlund,65000000.0
Anthony Martial,10000000.0
Emiliano Martínez,28000000.0
Joe Gauci,1500000.0
Robin Olsen,1500000.0
Pau Torres,45000000.0
Ezri Konsa,35000000.0
Diego Carlos,16000000.0
Tyrone Mings,13000000.0
Clément Lenglet,10000000.0
Calum Chambers,4000000.0
Kortney Hause,2000000.0
Álex Moreno,13000000.0
Lucas Digne,12000000.0
Matty Cash,28000000.0
Boubacar Kamara,38000000.0
Leander Dendoncker,7000000.0
Douglas Luiz,70000000.0
John McGinn,30000000.0
Youri Tielemans,25000000.0
Tim Iroegbunam,4000000.0
Jacob Ramsey,35000000.0
Nicolò Zaniolo,20000000.0
Morgan Rogers,15000000.0
Moussa Diaby,55000000.0
Leon Bailey,42000000.0
Bertrand Traoré,9000000.0
Ollie Watkins,65000000.0
Jhon Durán,20000000.0
Cameron Archer,13000000.0
Nick Pope,16000000.0
Martin Dúbravka,1000000.0
Loris Karius,1000000.0
Mark Gillespie,300000.0
Sven Botman,45000000.0
Fabian Schär,10000000.0
Dan Burn,8000000.0
Jamaal Lascelles,7000000.0
Lewis Hall,18000000.0
Matt Targett,10000000.0
Paul Dummett,900000.0
Kieran Trippier,10000000.0
Emil Krafth,2500000.0
Javier Manquillo,1800000.0
Bruno Guimarães,85000000.0
Isaac Hayden,1800000.0
Joelinton,40000000.0
Joe Willock,30000000.0
Sean Longstaff,25000000.0
Lewis Miley,22000000.0
Elliot Anderson,15000000.0
Matt Ritchie,1000000.0
Anthony Gordon,60000000.0
Harvey Barnes,35000000.0
Miguel Almirón,20000000.0
Jacob Murphy,15000000.0
Alexander Isak,75000000.0
Callum Wilson,13000000.0
Bart Verbruggen,18000000.0
Jason Steele,3500000.0
Tom McGill,600000.0
Adam Webster,20000000.0
Jan Paul van Hecke,18000000.0
Igor,17000000.0
Lewis Dunk,12000000.0
Pervis Estupiñán,30000000.0
Valentín Barco,13000000.0
Tariq Lamptey,12000000.0
Joël Veltman,10000000.0
Carlos Baleba,22000000.0
Billy Gilmour,18000000.0
Jack Hinshelwood,16000000.0
Jakub Moder,10000000.0
Pascal Groß,8000000.0
Mahmoud Dahoud,6000000.0
Steven Alzate,4000000.0
James Milner,1000000.0
Julio Enciso,22000000.0
Facundo Buonanotte,18000000.0
Adam Lallana,1000000.0
Kaoru Mitoma,45000000.0
Ansu Fati,25000000.0
Simon Adingra,30000000.0
Solly March,18000000.0
Evan Ferguson,50000000.0
João Pedro,45000000.0
Danny Welbeck,5000000.0
Matt Turner,7000000.0
Matz Sels,7000000.0
Ethan Horvath,1800000.0
Wayne Hennessey,250000.0
Murillo,35000000.0
Andrew Omobamidele,11000000.0
Scott McKenna,9000000.0
Joe Worrall,7500000.0
Willy Boly,2500000.0
Felipe,1500000.0
Nuno Tavares,15000000.0
Harry Toffolo,5000000.0
Neco Williams,17000000.0
Ola Aina,12000000.0
Gonzalo Montiel,10000000.0
Serge Aurier,3700000.0
Ibrahim Sangaré,30000000.0
Danilo,28000000.0
Orel Mangala,20000000.0
Cheikhou Kouyaté,1000000.0
Nicolás Domínguez,17000000.0
Andrey Santos,15000000.0
Ryan Yates,12000000.0
Remo Freuler,6500000.0
Harry Arter,400000.0
Morgan Gibbs-White,40000000.0
Brandon Aguilera,300000.0
Callum Hudson-Odoi,18000000.0
Alex Mighten,600000.0
Brennan Johnson,48000000.0
Anthony Elanga,22000000.0
Taiwo Awoniyi,28000000.0
Chris Wood,7000000.0
Divock Origi,5000000.0
Rodrigo Ribeiro,3000000.0
Alphonse Areola,10000000.0
Joseph Anang,300000.0
Nayef Aguerd,35000000.0
Kurt Zouma,25000000.0
Konstantinos Mavropanos,20000000.0
Thilo Kehrer,10000000.0
Angelo Ogbonna,700000.0
Emerson,12000000.0
Aaron Cresswell,900000.0
Ben Johnson,8000000.0
Vladimír Coufal,8000000.0
Edson Álvarez,35000000.0
Kalvin Phillips,25000000.0
Conor Coventry,1500000.0
James Ward-Prowse,30000000.0
Lucas Paquetá,65000000.0
Pablo Fornals,14000000.0
Saïd Benrahma,20000000.0
Maxwel Cornet,9000000.0
Mohammed Kudus,50000000.0
Jarrod Bowen,50000000.0
Danny Ings,8000000.0
Michail Antonio,4000000.0
Divin Mubama,1000000.0
Dean Henderson,12000000.0
Sam Johnstone,10000000.0
Joe Whitworth,1000000.0
Remi Matthews,500000.0
Marc Guéhi,38000000.0
Joachim Andersen,35000000.0
Chris Richards,12000000.0
Rob Holding,5000000.0
Nathan Ferguson,1000000.0
James Tomkins,700000.0
Tyrick Mitchell,25000000.0
Daniel Muñoz,18000000.0
Nathaniel Clyne,1500000.0
Joel Ward,1000000.0
Cheick Doucouré,35000000.0
Adam Wharton,30000000.0
Jefferson Lerma,20000000.0
Will Hughes,9000000.0
Naouirou Ahamada,8000000.0
Jeffrey Schlupp,7000000.0
Eberechi Eze,55000000.0
Matheus França,15000000.0
Michael Olise,55000000.0
Jesurun Rak-Sakyi,2000000.0
Malcolm Ebiowei,1500000.0
Jean-Philippe Mateta,20000000.0
Jordan Ayew,4000000.0
José Sá,14000000.0
Daniel Bentley,2000000.0
Tom King,200000.0
Santiago Bueno,8000000.0
Yerson Mosquera,6000000.0
Craig Dawson,2000000.0
Rayan Aït-Nouri,35000000.0
Hugo Bueno,6000000.0
Nélson Semedo,12000000.0
Matt Doherty,3000000.0
Mario Lemina,10000000.0
Boubacar Traoré,6000000.0
Joe Hodge,1500000.0
Bruno Jordão,700000.0
Matheus Nunes,50000000.0
João Gomes,35000000.0
Jean-Ricner Bellegarde,15000000.0
Tommy Doyle,10000000.0
Noha Lemina,500000.0
Enso González,4000000.0
Pedro Neto,55000000.0
Pablo Sarabia,10000000.0
Matheus Cunha,45000000.0
Fábio Silva,11000000.0
Sasa Kalajdzic,5000000.0
Mark Flekken,12000000.0
Thomas Strakosha,3000000.0
Hákon Rafn Valdimarsson,2500000.0
Ellery Balcombe,300000.0
Nathan Collins,25000000.0
Kristoffer Ajer,15000000.0
Ethan Pinnock,12000000.0
Ben Mee,1000000.0
Charlie Goode,500000.0
Rico Henry,20000000.0
Sergio Reguilón,12000000.0
Aaron Hickey,28000000.0
Mads Roerslev,10000000.0
Vitaly Janelt,22000000.0
Christian Nørgaard,18000000.0
Yunus Emre Konak,3500000.0
Mathias Jensen,28000000.0
Josh Dasilva,10000000.0
Frank Onyeka,9000000.0
Shandon Baptiste,2500000.0
Ryan Trevitt,275000.0
Yegor Yarmolyuk,10000000.0
Saman Ghoddos,2000000.0
Kevin Schade,22000000.0
Keane Lewis-Potter,15000000.0
Mikkel Damsgaard,10000000.0
Myles Peart-Harris,700000.0
Bryan Mbeumo,40000000.0
Ivan Toney,50000000.0
Yoane Wissa,28000000.0
Neal Maupay,12000000.0
Mark Travers,3500000.0
Neto,2500000.0
Darren Randolph,300000.0
Ilya Zabarnyi,32000000.0
Marcos Senesi,22000000.0
Lloyd Kelly,18000000.0
Chris Mepham,6000000.0
James Hill,2000000.0
Milos Kerkez,20000000.0
Max Aarons,16000000.0
Ryan Fredericks,1000000.0
Adam Smith,1000000.0
Tyler Adams,15000000.0
Philip Billing,22000000.0
Alex Scott,20000000.0
Lewis Cook,12000000.0
Ryan Christie,12000000.0
Joe Rothwell,2500000.0
Gavin Kilkenny,300000.0
Romain Faivre,15000000.0
Marcus Tavernier,20000000.0
Emiliano Marcondes,1500000.0
Dango Ouattara,20000000.0
Luis Sinisterra,17000000.0
Justin Kluivert,14000000.0
Antoine Semenyo,10000000.0
David Brooks,8000000.0
Dominic Solanke,40000000.0
Enes Ünal,18000000.0
Kieffer Moore,2000000.0
Jordan Pickford,22000000.0
João Virgínia,800000.0
Andy Lonergan,100000.0
Jarrad Branthwaite,42000000.0
James Tarkowski,13000000.0
Ben Godfrey,10000000.0
Michael Keane,6000000.0
Mason Holgate,5000000.0
Vitaliy Mykolenko,28000000.0
Ashley Young,500000.0
Nathan Patterson,15000000.0
Séamus Coleman,500000.0
Amadou Onana,50000000.0
James Garner,22000000.0
Abdoulaye Doucouré,10000000.0
André Gomes,10000000.0
Tyler Onyango,500000.0
Dele Alli,5000000.0
Alex Iwobi,25000000.0
Dwight McNeil,22000000.0
Arnaut Danjuma,13000000.0
Lewis Dobbin,2500000.0
Jack Harrison,18000000.0
Dominic Calvert-Lewin,22000000.0
Beto,20000000.0
Neal Maupay,12000000.0
Bernd Leno,13000000.0
Marek Rodák,3000000.0
Steven Benda,1000000.0
Tosin Adarabioyo,20000000.0
Issa Diop,20000000.0
Calvin Bassey,16000000.0
Tim Ream,800000.0
Antonee Robinson,25000000.0
Fodé Ballo-Touré,3000000.0
Timothy Castagne,17000000.0
Kenny Tete,15000000.0
Kevin Mbabu,4000000.0
João Palhinha,55000000.0
Harrison Reed,15000000.0
Saša Lukić,10000000.0
Tom Cairney,2000000.0
Tyrese Francois,600000.0
Andreas Pereira,20000000.0
Luke Harris,1000000.0
Alex Iwobi,25000000.0
Willian,3000000.0
Harry Wilson,17000000.0
Adama Traoré,9000000.0
Armando Broja,22000000.0
Rodrigo Muniz,20000000.0
Raúl Jiménez,5000000.0
Carlos Vinícius,4000000.0
James Trafford,18000000.0
Arijanet Muric,7000000.0
Lawrence Vigouroux,300000.0
Denis Franchi,250000.0
Jordan Beyer,13000000.0
Ameen Al-Dakhil,12000000.0
Dara O'Shea,7000000.0
Hjalmar Ekdal,7000000.0
Maxime Estève,7000000.0
Hannes Delcroix,4000000.0
CJ Egan-Riley,1500000.0
Charlie Taylor,3000000.0
Lorenz Assignon,10000000.0
Connor Roberts,7000000.0
Vitinho,5000000.0
Sander Berge,20000000.0
Josh Cullen,10000000.0
Han-Noah Massengo,4000000.0
Jack Cork,800000.0
Josh Brownhill,15000000.0
Aaron Ramsey,15000000.0
Anass Zaroury,9000000.0
Mike Trésor,12000000.0
Jacob Bruun Larsen,8000000.0
Darko Churlinov,1500000.0
Wilson Odobert,10000000.0
Luca Koleosho,7000000.0
Benson Manuel,5000000.0
Nathan Redmond,5000000.0
Enock Agyei,800000.0
Lyle Foster,13000000.0
David Datro Fofana,12000000.0
Zeki Amdouni,12000000.0
Michael Obafemi,2200000.0
Wes Foderingham,900000.0
Adam Davies,500000.0
Jordan Amissah,250000.0
Auston Trusty,7000000.0
Mason Holgate,5000000.0
John Egan,4000000.0
Jack Robinson,1000000.0
Chris Basham,300000.0
Luke Thomas,6000000.0
Yasser Larouci,3000000.0
Max Lowe,2500000.0
Rhys Norrington-Davies,2500000.0
Jayden Bogle,3800000.0
George Baldock,2500000.0
Femi Seriki,300000.0
Gustavo Hamer,15000000.0
Tom Davies,5000000.0
Andre Brooks,2500000.0
Anis Slimane,2500000.0
Oliver Norwood,1000000.0
Ismaila Coulibaly,1000000.0
Ben Osborn,1000000.0
John Fleck,900000.0
James McAtee,12000000.0
Louie Marsh,100000.0
Cameron Archer,13000000.0
Bénie Traoré,4000000.0
Rhian Brewster,3000000.0
William Osula,3000000.0
Daniel Jebbison,1000000.0
Thomas Kaminski,3000000.0
Tim Krul,500000.0
James Shea,200000.0
Teden Mengi,12000000.0
Gabriel Osho,3000000.0
Tom Lockyer,2500000.0
Reece Burke,1800000.0
Dan Potts,900000.0
Amari'i Bell,2500000.0
Issa Kaboré,10000000.0
Daiki Hashioka,2000000.0
Marvelous Nakamba,5000000.0
Pelly Ruddock Mpanzu,1500000.0
Albert Sambi Lokonga,15000000.0
Ross Barkley,8000000.0
Jordan Clark,1000000.0
Luke Berry,400000.0
Elliot Thorpe,200000.0
Fred Onyedinma,500000.0
Alfie Doughty,10000000.0
Chiedozie Ogbene,8000000.0
Tahith Chong,6000000.0
Andros Townsend,1800000.0
Carlton Morris,13000000.0
Elijah Adebayo,12000000.0
Jacob Brown,4000000.0
Cauley Woodrow,1000000.0
Manuel Neuer,4000000.0
Daniel Peretz,3000000.0
Sven Ulreich,700000.0
Matthijs de Ligt,65000000.0
Benjamin Pavard,50000000.0
Dayot Upamecano,45000000.0
Eric Dier,12000000.0
Tarek Buchmann,500000.0
Alphonso Davies,50000000.0
Raphaël Guerreiro,12000000.0
Noussair Mazraoui,30000000.0
Sacha Boey,18000000.0
Bouna Sarr,1500000.0
Joshua Kimmich,50000000.0
Ryan Gravenberch,35000000.0
Aleksandar Pavlovic,30000000.0
Leon Goretzka,30000000.0
Konrad Laimer,30000000.0
Jamal Musiala,120000000.0
Kingsley Coman,50000000.0
Serge Gnabry,40000000.0
Mathys Tel,40000000.0
Bryan Zaragoza,12000000.0
Leroy Sané,70000000.0
Thomas Müller,8000000.0
Harry Kane,100000000.0
Matej Kovar,7000000.0
Niklas Lomb,250000.0
Edmond Tapsoba,45000000.0
Piero Hincapié,40000000.0
Odilon Kossounou,35000000.0
Jonathan Tah,30000000.0
Arthur,5000000.0
Timothy Fosu-Mensah,800000.0
Granit Xhaka,20000000.0
Robert Andrich,17000000.0
Exequiel Palacios,45000000.0
Nadiem Amiri,7000000.0
Gustavo Puerta,3000000.0
Noah Mbamba,2500000.0
Jeremie Frimpong,50000000.0
Nathan Tella,23000000.0
Florian Wirtz,130000000.0
Jonas Hofmann,10000000.0
Ayman Aourir,300000.0
Amine Adli,30000000.0
Victor Boniface,40000000.0
Patrik Schick,22000000.0
Borja Iglesias,5000000.0
Péter Gulácsi,3000000.0
Janis Blaswich,2000000.0
Timo Schlieck,500000.0
Leopold Zingerle,400000.0
Castello Lukeba,40000000.0
Mohamed Simakan,35000000.0
El Chadaille Bitshiabu,12000000.0
Lukas Klostermann,8000000.0
David Raum,20000000.0
Christopher Lenz,1500000.0
Benjamin Henrichs,20000000.0
Xaver Schlager,28000000.0
Amadou Haidara,20000000.0
Nicolas Seiwald,16000000.0
Kevin Kampl,3500000.0
Ilaix Moriba,3000000.0
Xavi Simons,80000000.0
Dani Olmo,50000000.0
Christoph Baumgartner,18000000.0
Timo Werner,17000000.0
Emil Forsberg,5000000.0
Loïs Openda,60000000.0
Yussuf Poulsen,6000000.0
Gregor Kobel,40000000.0
Marcel Lotka,1300000.0
Alexander Meyer,800000.0
Nico Schlotterbeck,40000000.0
Niklas Süle,15000000.0
Mats Hummels,5000000.0
Antonios Papadopoulos,1000000.0
Ian Maatsen,40000000.0
Ramy Bensebaini,7000000.0
Julian Ryerson,20000000.0
Marius Wolf,3000000.0
Thomas Meunier,2500000.0
Mateu Morey,800000.0
Salih Özcan,10000000.0
Emre Can,10000000.0
Abdoulaye Kamara,1500000.0
Felix Nmecha,20000000.0
Marcel Sabitzer,20000000.0
Ole Pohlmann,1500000.0
Julian Brandt,40000000.0
Marco Reus,5000000.0
Jadon Sancho,30000000.0
Karim Adeyemi,28000000.0
Jamie Gittens,28000000.0
Julien Duranville,8500000.0
Donyell Malen,40000000.0
Youssoufa Moukoko,22000000.0
Niclas Füllkrug,15000000.0
Sébastien Haller,10000000.0
Alexander Nübel,12000000.0
Fabian Bredlow,1000000.0
Dennis Seimen,1000000.0
Florian Schock,200000.0
Hiroki Ito,30000000.0
Konstantinos Mavropanos,20000000.0
Waldemar Anton,20000000.0
Dan-Axel Zagadou,10000000.0
Anthony Rouault,7000000.0
Maximilian Mittelstädt,17000000.0
Josha Vagnoman,10000000.0
Leonidas Stergiou,5000000.0
Pascal Stenzel,2500000.0
Angelo Stiller,20000000.0
Wataru Endo,13000000.0
Atakan Karazor,12000000.0
Mahmoud Dahoud,6000000.0
Nikolas Nartey,600000.0
Enzo Millot,30000000.0
Lilian Egloff,800000.0
Genki Haraguchi,500000.0
Laurin Ulrich,500000.0
Chris Führich,28000000.0
Jamie Leweling,9000000.0
Roberto Massimo,800000.0
Luca Raimund,500000.0
Serhou Guirassy,40000000.0
Deniz Undav,25000000.0
Jovan Milosevic,700000.0
Thomas Kastanaras,500000.0
Kevin Trapp,4000000.0
Kauã Santos,1500000.0
Simon Simoni,500000.0
Jens Grahl,200000.0
Willian Pacho,35000000.0
Robin Koch,18000000.0
Tuta,12000000.0
Nnamdi Collins,1000000.0
Dario Gebuhr,400000.0
Davis Bautista,250000.0
Niels Nkounkou,7500000.0
Philipp Max,2000000.0
Christopher Lenz,1500000.0
Aurélio Buta,5000000.0
Elias Baum,1000000.0
Timothy Chandler,500000.0
Ellyes Skhiri,11000000.0
Makoto Hasebe,500000.0
Hugo Larsson,28000000.0
Donny van de Beek,5000000.0
Sebastian Rode,1000000.0
Sidney Raebiger,300000.0
Mehdi Loune,300000.0
Harpreet Ghotra,100000.0
Junior Dina Ebimbe,12000000.0
Farès Chaïbi,18000000.0
Mario Götze,5500000.0
Paxten Aaronson,4500000.0
Marcel Wenig,600000.0
Jean-Mattéo Bahoya,7500000.0
Jens Petter Hauge,2500000.0
Jesper Lindstrøm,22000000.0
Ansgar Knauff,10000000.0
Randal Kolo Muani,45000000.0
Omar Marmoush,22000000.0
Sasa Kalajdzic,5000000.0
Nacho Ferri,2000000.0
Jessic Ngankam,1500000.0
Lucas Alario,1500000.0
Noel Futkeu,400000.0
Koen Casteels,6000000.0
Pavao Pervan,300000.0
Philipp Schulze,225000.0
Niklas Klinger,100000.0
Maxence Lacroix,20000000.0
Moritz Jenz,7500000.0
Sebastiaan Bornauw,7000000.0
Felix Lange,75000.0
Rogério,5000000.0
Nicolas Cozza,3500000.0
Ridle Baku,7000000.0
Kilian Fischer,1500000.0
Aster Vranckx,12000000.0
Mattias Svanberg,12000000.0
Maximilian Arnold,7000000.0
Yannick Gerhardt,4000000.0
Kevin Paredes,7500000.0
Lovro Majer,20000000.0
Ulysses Llanez,200000.0
Patrick Wimmer,15000000.0
Jonas Wind,20000000.0
Tiago Tomás,6000000.0
Lukas Nmecha,5000000.0
Amin Sarr,4000000.0
Kevin Behrens,2000000.0
Dzenan Pejcinovic,1000000.0
Noah Atubolu,10000000.0
Florian Müller,1200000.0
Benjamin Uphoff,300000.0
Philipp Lienhart,15000000.0
Matthias Ginter,10000000.0
Keven Schlotterbeck,6000000.0
Attila Szalai,4000000.0
Kenneth Schmidt,2500000.0
Manuel Gulde,1500000.0
Max Rosenfelder,500000.0
Christian Günter,5000000.0
Jordy Makengo,3500000.0
Kiliann Sildillia,15000000.0
Lukas Kübler,2000000.0
Yannik Keitel,5000000.0
Nicolas Höfler,2000000.0
Maximilian Eggestein,10000000.0
Merlin Röhl,12000000.0
Vincenzo Grifo,9000000.0
Noah Weißhaupt,5000000.0
Florent Muslija,2500000.0
Ritsu Doan,18000000.0
Roland Sallai,15000000.0
Maximilian Philipp,2000000.0
Michael Gregoritsch,8000000.0
Lucas Höler,4000000.0
Junior Adamu,4000000.0
Oliver Baumann,3000000.0
Nahuel Noll,500000.0
Luca Philipp,300000.0
Ozan Kabak,10000000.0
Attila Szalai,4000000.0
Kevin Akpoguma,3000000.0
Kevin Vogt,2000000.0
John Brooks,2000000.0
Joshua Quarshie,800000.0
David Jurásek,8000000.0
Marco John,1500000.0
Angelo Stiller,20000000.0
Anton Stach,15000000.0
Florian Grillitsch,6500000.0
Grischa Prömel,7000000.0
Umut Tohumcu,7000000.0
Tom Bischof,3500000.0
Dennis Geiger,3000000.0
Finn Ole Becker,2500000.0
Robert Skov,5000000.0
Julian Justvan,1500000.0
Marius Bülter,2500000.0
Bambasé Conté,700000.0
Maximilian Beier,30000000.0
Mergim Berisha,10000000.0
Wout Weghorst,6000000.0
Ihlas Bebou,4000000.0
Max Moerstedt,1000000.0
Jonas Omlin,6000000.0
Moritz Nicolas,2500000.0
Jan Olschowsky,600000.0
Tobias Sippel,300000.0
Maximilian Brüll,75000.0
Ko Itakura,12000000.0
Nico Elvedi,10000000.0
Maximilian Wöber,10000000.0
Marvin Friedrich,3500000.0
Fabio Chiarodia,2000000.0
Mamadou Doucouré,100000.0
Luca Netz,10000000.0
Lukas Ullrich,750000.0
Joe Scally,10000000.0
Stefan Lainer,2500000.0
Simon Walde,500000.0
Tony Jantschke,400000.0
Julian Weigl,6000000.0
Christoph Kramer,1700000.0
Manu Koné,20000000.0
Rocco Reitz,10000000.0
Florian Neuhaus,7000000.0
Robin Hack,8000000.0
Yvandro Borges Sanches,1000000.0
Franck Honorat,12000000.0
Hannes Wolf,2000000.0
Patrick Herrmann,1000000.0
Tomas Cvancara,8000000.0
Alassane Pléa,7000000.0
Grant-Leon Ranos,1000000.0
Shio Fukuda,300000.0
Alexander Schwolow,700000.0
Jakob Busk,250000.0
Yannic Stein,200000.0
Danilho Doekhi,17000000.0
Diogo Leite,15000000.0
Robin Knoche,2500000.0
Kevin Vogt,2000000.0
Paul Jaeckel,2000000.0
Leonardo Bonucci,1000000.0
Robin Gosens,12000000.0
Jérôme Roussillon,2500000.0
Christopher Trimmel,600000.0
Lucas Tousart,7000000.0
Rani Khedira,5000000.0
Aljoscha Kemlein,3000000.0
Aïssa Laïdouni,6000000.0
András Schäfer,5000000.0
Alex Král,5000000.0
Janik Haberer,3000000.0
Brenden Aaronson,12000000.0
Sheraldo Becker,10000000.0
Laurenz Dehl,200000.0
David Datro Fofana,12000000.0
Yorbe Vertessen,5000000.0
Kevin Volland,4000000.0
Benedict Hollerbach,4000000.0
Mikkel Kaufmann,2700000.0
Chris Bedia,2500000.0
Kevin Behrens,2000000.0
Robin Zentner,3000000.0
Daniel Batz,350000.0
Lasse Rieß,200000.0
Sepp van den Berg,12000000.0
Andreas Hanche-Olsen,9000000.0
Maxim Leitsch,1500000.0
Stefan Bell,800000.0
Phillipp Mwene,1800000.0
Silvan Widmer,3000000.0
Danny da Costa,1200000.0
Anton Stach,15000000.0
Edimilson Fernandes,3500000.0
Dominik Kohr,3000000.0
Josuha Guilavogui,700000.0
Nadiem Amiri,7000000.0
Tom Krauß,4000000.0
Merveille Papela,1000000.0
Anthony Caci,7000000.0
Marco Richter,2000000.0
Aymen Barkok,1000000.0
Brajan Gruda,20000000.0
David Mamutovic,250000.0
Jonathan Burkardt,12000000.0
Nelson Weiper,5000000.0
Ludovic Ajorque,3000000.0
Karim Onisiwo,1500000.0
Jessic Ngankam,1500000.0
Finn Dahmen,5000000.0
Marcel Lubik,300000.0
Maximilian Bauer,3000000.0
Patric Pfeiffer,2000000.0
Jeffrey Gouweleeuw,2000000.0
Japhet Tanganga,1800000.0
Reece Oxford,1500000.0
Frederik Winther,800000.0
Iago,4000000.0
Mads Pedersen,2500000.0
David Colina,1000000.0
Kevin Mbabu,4000000.0
Robert Gumny,2000000.0
Raphael Framberger,600000.0
Niklas Dorsch,4000000.0
Tim Breithaupt,3000000.0
Arne Engels,9000000.0
Arne Maier,5000000.0
Aaron Zehnter,1500000.0
Fredrik Jensen,3500000.0
Pep Biel,3000000.0
Mert Kömür,2000000.0
Masaya Okugawa,1500000.0
Sven Michel,700000.0
Mergim Berisha,10000000.0
Phillip Tietz,5000000.0
Dion Beljo,4000000.0
Irvin Cardona,2500000.0
Michael Zetterer,3000000.0
Marco Friedl,7500000.0
Niklas Stark,5500000.0
Amos Pieper,4000000.0
Julián Malatini,2500000.0
Anthony Jung,1000000.0
Mitchell Weiser,6000000.0
Felix Agu,4000000.0
Senne Lynen,7000000.0
Skelly Alvero,4000000.0
Nicolai Rapp,700000.0
Christian Groß,300000.0
Jens Stage,7500000.0
Leonardo Bittencourt,2500000.0
Naby Keïta,2000000.0
Olivier Deman,5000000.0
Leon Opitz,600000.0
Romano Schmid,10000000.0
Isak Hansen-Aarøen,1500000.0
Justin Njinmah,9000000.0
Nick Woltemade,4000000.0
Niclas Füllkrug,15000000.0
Marvin Ducksch,9000000.0
Rafael Borré,8000000.0
Dawid Kownacki,2000000.0
Marvin Schwäbe,4000000.0
Philipp Pentke,300000.0
Jonas Nickisch,200000.0
Matthias Köbbing,100000.0
Timo Hübers,5500000.0
Luca Kilian,2000000.0
Dominique Heintz,800000.0
Elias Bakatukanda,250000.0
Max Finkgräfe,6000000.0
Noah Katterbach,600000.0
Jan Thielmann,5000000.0
Rasmus Carstensen,2000000.0
Benno Schmitz,1500000.0
Eric Martel,7500000.0
Dejan Ljubicic,5000000.0
Jacob Christensen,1500000.0
Denis Huseinbasic,4000000.0
Mathias Olesen,1500000.0
Florian Kainz,2500000.0
Linton Maina,3000000.0
Faride Alidou,2500000.0
Justin Diehl,2500000.0
Davie Selke,2800000.0
Luca Waldschmidt,2500000.0
Damion Downs,2000000.0
Steffen Tigges,1500000.0
Mark Uth,1000000.0
Sargis Adamyan,600000.0
Florian Dietz,600000.0
Kevin Müller,1000000.0
Vitus Eicher,250000.0
Frank Feller,200000.0
Paul Tschernuth,100000.0
Benedikt Gimber,2800000.0
Patrick Mainka,2500000.0
Tim Siersleben,1500000.0
Thomas Keller,350000.0
Jonas Föhrenbach,2000000.0
Seedy Jarju,200000.0
Omar Traoré,2500000.0
Marnon Busch,1200000.0
Lennard Maloney,5000000.0
Norman Theuerkauf,300000.0
Luka Janes,200000.0
Jan Schöppner,3000000.0
Kevin Sessa,2500000.0
Jan-Niklas Beste,15000000.0
Adrian Beck,1500000.0
Denis Thomalla,750000.0
Florian Pick,700000.0
Eren Dinkçi,12000000.0
Nikola Dovedan,800000.0
Tim Kleindienst,6000000.0
Marvin Pieringer,3000000.0
Stefan Schimmer,500000.0
Christian Kühlwetter,500000.0
Elidon Qenaj,100000.0
Manuel Riemann,600000.0
Niclas Thiede,350000.0
Andreas Luthe,300000.0
Michael Esser,300000.0
Keven Schlotterbeck,6000000.0
Tim Oermann,4000000.0
Ivan Ordets,2500000.0
Noah Loosli,800000.0
Mohammed Tolba,200000.0
Bernardo,5500000.0
Maximilian Wittek,2000000.0
Danilo Soares,700000.0
Moritz Römling,150000.0
Felix Passlack,1800000.0
Cristian Gamboa,500000.0
Jordi Osei-Tutu,500000.0
Anthony Losilla,500000.0
Patrick Osterhage,7000000.0
Agon Elezi,800000.0
Mats Pannewig,125000.0
Kevin Stöger,5000000.0
Philipp Förster,1800000.0
Lukas Daschner,1200000.0
Moritz-Broni Kwarteng,1200000.0
Christopher Antwi-Adjei,1200000.0
Takuma Asano,4000000.0
Moritz Broschinski,3000000.0
Philipp Hofmann,1800000.0
Gonçalo Paciência,1500000.0
Lys Mousset,350000.0
Marcel Schuhen,800000.0
Alexander Brunst,400000.0
Morten Behrens,250000.0
Christoph Klarer,3000000.0
Matej Maglica,2000000.0
Clemens Riedel,2000000.0
Christoph Zimmermann,1000000.0
Jannik Müller,800000.0
Thomas Isherwood,500000.0
Emir Karic,1000000.0
Fabian Holland,500000.0
Matthias Bader,1800000.0
Frank Ronstadt,550000.0
Andreas Müller,800000.0
Klaus Gjasula,400000.0
Fabian Schnellhardt,1000000.0
Tobias Kempe,500000.0
Fabian Nürnberger,2500000.0
Marvin Mehlem,2500000.0
Julian Justvan,1500000.0
Mathias Honsak,1200000.0
Gerrit Holtmann,1000000.0
Tim Skarke,3000000.0
Braydon Manu,1200000.0
Oscar Vilhelmsson,2000000.0
Fraser Hornby,1200000.0
Luca Pfeiffer,1200000.0
Aaron Seydel,500000.0
Sebastian Polter,500000.0
Fabio Torsiello,500000.0
Yann Sommer,5000000.0
Emil Audero,5000000.0
Raffaele Di Gennaro,300000.0
Alessandro Bastoni,70000000.0
Benjamin Pavard,50000000.0
Stefan de Vrij,7000000.0
Francesco Acerbi,3500000.0
Federico Dimarco,50000000.0
Carlos Augusto,22000000.0
Denzel Dumfries,24000000.0
Matteo Darmian,4000000.0
Hakan Çalhanoğlu,45000000.0
Kristjan Asllani,18000000.0
Nicolò Barella,80000000.0
Davide Frattesi,35000000.0
Henrikh Mkhitaryan,6000000.0
Davy Klaassen,4000000.0
Stefano Sensi,3000000.0
Tajon Buchanan,8000000.0
Juan Cuadrado,1000000.0
Joaquín Correa,6000000.0
Lautaro Martínez,110000000.0
Marcus Thuram,65000000.0
Alexis Sánchez,2500000.0
Mike Maignan,38000000.0
Marco Sportiello,1500000.0
Lapo Nava,150000.0
Antonio Mirante,100000.0
Fikayo Tomori,40000000.0
Malick Thiaw,25000000.0
Pierre Kalulu,20000000.0
Matteo Gabbia,8000000.0
Marco Pellegrino,3500000.0
Simon Kjær,1500000.0
Mattia Caldara,800000.0
Theo Hernández,60000000.0
Davide Calabria,13000000.0
Filippo Terracciano,4500000.0
Alessandro Florenzi,2000000.0
Ismaël Bennacer,30000000.0
Yacine Adli,15000000.0
Tijjani Reijnders,30000000.0
Ruben Loftus-Cheek,25000000.0
Yunus Musah,22000000.0
Tommaso Pobega,10000000.0
Kevin Zeroli,2000000.0
Rafael Leão,90000000.0
Noah Okafor,20000000.0
Chaka Traorè,1500000.0
Christian Pulisic,40000000.0
Samuel Chukwueze,20000000.0
Luka Romero,5000000.0
Luka Jović,7000000.0
Lorenzo Colombo,6000000.0
Olivier Giroud,3000000.0
Alex Meret,12000000.0
Pierluigi Gollini,4000000.0
Hubert Idasiak,150000.0
Amir Rrahmani,15000000.0
Natan,12000000.0
Juan Jesus,2500000.0
Mathías Olivera,15000000.0
Mário Rui,3500000.0
Giovanni Di Lorenzo,15000000.0
Alessandro Zanoli,5000000.0
Pasquale Mazzocchi,3000000.0
Stanislav Lobotka,28000000.0
Jens Cajuste,10000000.0
Leander Dendoncker,7000000.0
Diego Demme,800000.0
Piotr Zieliński,22000000.0
Gianluca Gaetano,6000000.0
Khvicha Kvaratskhelia,80000000.0
Alessio Zerbin,4000000.0
Jesper Lindstrøm,22000000.0
Matteo Politano,13000000.0
Cyril Ngonge,12000000.0
Giacomo Raspadori,25000000.0
Victor Osimhen,100000000.0
Giovanni Simeone,10000000.0
Wojciech Szczęsny,6000000.0
Mattia Perin,3000000.0
Carlo Pinsoglio,200000.0
Federico Gatti,18000000.0
Tiago Djaló,12000000.0
Danilo,10000000.0
Dean Huijsen,10000000.0
Daniele Rugani,4000000.0
Andrea Cambiaso,25000000.0
Filip Kostić,6500000.0
Alex Sandro,2000000.0
Mattia De Sciglio,1000000.0
Manuel Locatelli,28000000.0
Adrien Rabiot,35000000.0
Weston McKennie,28000000.0
Fabio Miretti,15000000.0
Nicolò Fagioli,15000000.0
Hans Nicolussi Caviglia,3000000.0
Kenan Yıldız,30000000.0
Samuel Iling-Junior,13000000.0
Federico Chiesa,35000000.0
Matías Soulé,25000000.0
Timothy Weah,12000000.0
Dušan Vlahović,65000000.0
Moise Kean,14000000.0
Arkadiusz Milik,6000000.0
Marco Carnesecchi,16000000.0
Juan Musso,5000000.0
Francesco Rossi,100000.0
Giorgio Scalvini,45000000.0
Isak Hien,20000000.0
Berat Djimsiti,10000000.0
Caleb Okoli,8000000.0
Rafael Tolói,2500000.0
Giovanni Bonfanti,1000000.0
José Luis Palomino,700000.0
Mitchel Bakker,6500000.0
Emil Holm,12000000.0
Hans Hateboer,3500000.0
Marten de Roon,7000000.0
Éderson,40000000.0
Davide Zappacosta,6000000.0
Nadir Zortea,3000000.0
Matteo Ruggeri,20000000.0
Teun Koopmeiners,50000000.0
Charles De Ketelaere,34000000.0
Ademola Lookman,40000000.0
Gianluca Scamacca,35000000.0
El Bilal Touré,20000000.0
Duván Zapata,8000000.0
Luis Muriel,2000000.0
Federico Ravaglia,1000000.0
Nicola Bagnolini,200000.0
Sam Beukema,18000000.0
Jhon Lucumí,17000000.0
Mihajlo Ilic,4000000.0
Adama Soumaoro,2000000.0
Kevin Bonifazi,1800000.0
Joaquín Sosa,1500000.0
Riccardo Calafiori,30000000.0
Victor Kristiansen,15000000.0
Tommaso Corazza,1000000.0
Stefan Posch,14000000.0
Lorenzo De Silvestri,400000.0
Nikola Moro,5000000.0
Oussama El Azzouzi,2500000.0
Nicolás Domínguez,17000000.0
Michel Aebischer,9000000.0
Kacper Urbanski,7000000.0
Remo Freuler,6500000.0
Lewis Ferguson,24000000.0
Giovanni Fabbian,14000000.0
Jesper Karlsson,8000000.0
Riccardo Orsolini,16000000.0
Dan Ndoye,14000000.0
Alexis Saelemaekers,12000000.0
Joshua Zirkzee,50000000.0
Santiago Castro,12000000.0
Jens Odgaard,4500000.0
Sydney van Hooijdonk,4000000.0
Mile Svilar,9000000.0
Rui Patrício,1000000.0
Pietro Boer,150000.0
Gianluca Mancini,25000000.0
Dean Huijsen,10000000.0
Diego Llorente,7000000.0
Marash Kumbulla,4500000.0
Chris Smalling,2500000.0
Angeliño,8000000.0
Leonardo Spinazzola,4000000.0
Rasmus Kristensen,10000000.0
Zeki Çelik,6000000.0
Rick Karsdorp,5000000.0
Bryan Cristante,20000000.0
Leandro Paredes,8000000.0
Edoardo Bove,18000000.0
Houssem Aouar,10000000.0
Renato Sanches,6500000.0
Riccardo Pagano,2500000.0
Nicola Zalewski,12000000.0
Lorenzo Pellegrini,25000000.0
Tommaso Baldanzi,15000000.0
Stephan El Shaarawy,5000000.0
Paulo Dybala,20000000.0
Tammy Abraham,30000000.0
Romelu Lukaku,30000000.0
Sardar Azmoun,8000000.0
Andrea Belotti,5000000.0
Oliver Christensen,3000000.0
Pietro Terracciano,2500000.0
Tommaso Martinelli,1000000.0
Tommaso Vannucchi,400000.0
Nikola Milenković,15000000.0
Lucas Martínez Quarta,15000000.0
Luca Ranieri,8000000.0
Yerry Mina,3000000.0
Christian Dalle Mura,850000.0
Pietro Comuzzo,700000.0
Fabiano Parisi,9500000.0
Cristiano Biraghi,3500000.0
Michael Kayode,25000000.0
Dodô,17000000.0
Niccolò Pierozzi,1800000.0
Davide Faraoni,1500000.0
Sofyan Amrabat,22000000.0
Arthur Melo,15000000.0
Rolando Mandragora,8500000.0
Maxime Lopez,7500000.0
Lorenzo Amatucci,1000000.0
Gaetano Castrovilli,7000000.0
Alfred Duncan,4000000.0
Giacomo Bonaventura,3000000.0
Gino Infantino,3000000.0
Lucas Beltrán,16000000.0
Antonín Barák,4500000.0
Christian Kouamé,7500000.0
Riccardo Sottil,6000000.0
Josip Brekalo,3500000.0
Aleksandr Kokorin,800000.0
Luka Jović,7000000.0
M'Bala Nzola,7000000.0
Andrea Belotti,5000000.0
Vanja Milinković-Savić,5000000.0
Mihai Popa,800000.0
Luca Gemello,300000.0
Pietro Passador,100000.0
Alessandro Buongiorno,35000000.0
Wilfried Singo,25000000.0
Perr Schuurs,25000000.0
Matteo Lovato,4000000.0
David Zima,4000000.0
Saba Sazonov,2800000.0
Koffi Djidji,2500000.0
Adam Masina,1500000.0
Ange Caumenan N'Guessan,200000.0
Ricardo Rodríguez,3500000.0
Mërgim Vojvoda,3000000.0
Brandon Soppy,2000000.0
Samuele Ricci,22000000.0
Ivan Ilić,18000000.0
Karol Linetty,3500000.0
Gvidas Gineitis,2000000.0
Raoul Bellanova,15000000.0
Valentino Lazaro,3500000.0
Nikola Vlašić,10000000.0
Nemanja Radonjić,2800000.0
Yann Karamoh,2500000.0
Demba Seck,2000000.0
Uros Kabic,1000000.0
Duván Zapata,8000000.0
Antonio Sanabria,7000000.0
Pietro Pellegri,3000000.0
David Okereke,2400000.0
Ivan Provedel,14000000.0
Christos Mandas,3000000.0
Luigi Sepe,500000.0
Alessio Romagnoli,15000000.0
Nicolò Casale,14000000.0
Mario Gila,13000000.0
Patric,4000000.0
Luca Pellegrini,3500000.0
Elseid Hysaj,2500000.0
Nicolò Rovella,18000000.0
Danilo Cataldi,5500000.0
Mattéo Guendouzi,25000000.0
Toma Bašić,2800000.0
Matías Vecino,2500000.0
Manuel Lazzari,4000000.0
Daichi Kamada,18000000.0
Luis Alberto,11000000.0
Mattia Zaccagni,20000000.0
Felipe Anderson,8000000.0
Saná Fernandes,800000.0
Gustav Isaksen,12000000.0
Pedro,1000000.0
Diego González,1000000.0
Cristiano Lombardi,100000.0
Ciro Immobile,4000000.0
Nicola Leali,600000.0
Franz Stolz,200000.0
Simone Calvani,150000.0
Daniele Sommariva,100000.0
Radu Drăgușin,25000000.0
Koni De Winter,12000000.0
Johan Vásquez,10000000.0
Alan Matturro,4000000.0
Mattia Bani,2500000.0
Giorgio Cittadini,2400000.0
Alessandro Vogliacco,2000000.0
Aarón Martín,5000000.0
Ridgeciano Haps,900000.0
Djed Spence,8000000.0
Silvan Hefti,2500000.0
Stefano Sabelli,1500000.0
Emil Bohinen,1800000.0
Milan Badelj,800000.0
Morten Frendrup,15000000.0
Berkan Kutlu,3800000.0
Morten Thorsby,3000000.0
Kevin Strootman,800000.0
Léandre Kuavita,400000.0
Ruslan Malinovskyi,8000000.0
Junior Messias,2500000.0
Mateo Retegui,16000000.0
Vitinha,14000000.0
David Ankeye,2000000.0
Caleb Ekuban,1500000.0
George Pușcaș,1500000.0
Maduka Okoye,4000000.0
Marco Silvestri,1000000.0
Daniele Padelli,150000.0
Nehuén Pérez,13000000.0
Jaka Bijol,10000000.0
Thomas Kristensen,4500000.0
Enzo Ebosse,2500000.0
Adam Masina,1500000.0
Christian Kabasele,1000000.0
Antonio Tikvic,700000.0
Axel Guessand,500000.0
James Abankwah,300000.0
Jordan Zemura,5000000.0
Hassane Kamara,4500000.0
Kingsley Ehizibue,2200000.0
João Ferreira,2000000.0
Walace,6000000.0
Sandi Lovrić,8000000.0
Martín Payero,4500000.0
Oier Zarraga,2000000.0
Roberto Pereyra,2000000.0
Domingos Quina,1500000.0
Marco Ballarini,75000.0
Festy Ebosele,6000000.0
Simone Pafundi,10000000.0
David Pejičić,1000000.0
Marley Aké,1600000.0
Florian Thauvin,3000000.0
Beto,20000000.0
Lorenzo Lucca,12000000.0
Brenner,7000000.0
Keinan Davis,3000000.0
Isaac Success,2500000.0
Gerard Deulofeu,1000000.0
Vivaldo Semedo,500000.0
Sekou Diawara,250000.0
Michele Di Gregorio,18000000.0
Alessandro Sorrentino,800000.0
Stefano Gori,500000.0
Eugenio Lamanna,100000.0
Andrea Carboni,4000000.0
Pablo Marí,3500000.0
Armando Izzo,2500000.0
Giorgio Cittadini,2400000.0
Luca Caldirola,1300000.0
Davide Bettella,1000000.0
Danilo D'Ambrosio,1000000.0
Franco Carboni,900000.0
Samuele Birindelli,3500000.0
Pedro Pereira,1500000.0
Giulio Donati,300000.0
Matteo Pessina,15000000.0
Warren Bondo,6000000.0
Roberto Gagliardini,3000000.0
Patrick Ciurria,4000000.0
Andrea Colpani,18000000.0
Valentín Carboni,15000000.0
Daniel Maldini,4500000.0
Samuele Vignato,3500000.0
Matija Popovic,2000000.0
Alessio Zerbin,4000000.0
Dany Mota,5000000.0
Gianluca Caprari,4000000.0
Lorenzo Colombo,6000000.0
Andrea Petagna,3800000.0
Lorenzo Montipò,3500000.0
Simone Perilli,200000.0
Mattia Chiesa,100000.0
Alessandro Berardi,50000.0
Isak Hien,20000000.0
Diego Coppola,6000000.0
Bruno Amione,3000000.0
Giangiacomo Magnani,3000000.0
Paweł Dawidowicz,3000000.0
Koray Günter,850000.0
Josh Doig,6000000.0
Rúben Vinagre,2400000.0
Filippo Terracciano,4500000.0
Fabien Centonze,3000000.0
Jackson Tchatchoua,3000000.0
Davide Faraoni,1500000.0
Martin Hongla,2500000.0
Reda Belahyane,500000.0
Charlys,100000.0
Joselito,75000.0
Michael Folorunsho,8500000.0
Suat Serdar,5000000.0
Ondrej Duda,4000000.0
Darko Lazović,1500000.0
Riccardo Saponara,700000.0
Stefan Mitrović,1800000.0
Jayden Braaf,800000.0
Cyril Ngonge,12000000.0
Tijjani Noslin,10000000.0
Jordi Mboula,1200000.0
Elayis Tavsan,1000000.0
Yayah Kallon,1000000.0
Federico Bonazzoli,2500000.0
Thomas Henry,2000000.0
Alessio Cragno,1500000.0
Andrea Consigli,800000.0
Gianluca Pegolo,100000.0
Mattia Viti,5000000.0
Marash Kumbulla,4500000.0
Ruan,2500000.0
Gian Marco Ferrari,1400000.0
Josh Doig,6000000.0
Jeremy Toljan,3500000.0
Filippo Missori,1500000.0
Maxime Lopez,7500000.0
Daniel Boloca,7000000.0
Luca Lipani,4000000.0
Uroš Račić,2500000.0
Matheus Henrique,8500000.0
Pedro Obiang,500000.0
Marcus Pedersen,5500000.0
Kristian Thorstvedt,8000000.0
Nedim Bajrami,4500000.0
Cristian Volpato,4500000.0
Domenico Berardi,10000000.0
Samu Castillejo,600000.0
Andrea Pinamonti,15000000.0
Samuele Mulattieri,4000000.0
Grégoire Defrel,1000000.0
Stefano Turati,7000000.0
Michele Cerofolini,700000.0
Pierluigi Frattali,100000.0
Caleb Okoli,8000000.0
Ilario Monterisi,2800000.0
Kevin Bonifazi,1800000.0
Simone Romagnoli,800000.0
Mateus Lusuardi,300000.0
Sergio Kalaj,200000.0
Matjaz Kamensek-Pahic,100000.0
Daniel Macej,25000.0
Riccardo Marchizza,2500000.0
Emanuele Valeri,2300000.0
Anthony Oyono,2000000.0
Pol Lirola,1800000.0
Enzo Barrenechea,7500000.0
Luca Mazzitelli,4000000.0
Marco Brescianini,3500000.0
Abdou Harroui,2700000.0
Mehdi Bourabia,1000000.0
Nadir Zortea,3000000.0
Reinier,3500000.0
Luca Garritano,1200000.0
Francesco Gelli,1000000.0
İsak Vural,200000.0
Arijon Ibrahimovic,4000000.0
Giuseppe Caso,1500000.0
Jaime Báez,900000.0
Giorgi Kvernadze,800000.0
Soufiane Bidaoui,200000.0
Matías Soulé,25000000.0
Demba Seck,2000000.0
Farès Ghedjemis,600000.0
Walid Cheddira,6000000.0
Kaio Jorge,4000000.0
Marvin Cuni,900000.0
Wladimiro Falcone,5000000.0
Federico Brancolini,200000.0
Alexandru Borbei,150000.0
Jasper Samooja,75000.0
Marin Pongračić,7000000.0
Federico Baschirotto,6000000.0
Ahmed Touba,1600000.0
Kastriot Dermaku,250000.0
Zinedin Smajlovic,100000.0
Antonino Gallo,4500000.0
Valentin Gendrey,7000000.0
Lorenzo Venuti,1200000.0
Ylber Ramadani,4000000.0
Alexis Blin,3000000.0
Giacomo Faticanti,800000.0
Youssef Maleh,4500000.0
Mohamed Kaba,3500000.0
Hamza Rafia,1700000.0
Daniel Samek,1200000.0
Medon Berisha,1000000.0
Marcin Listkowski,200000.0
Lameck Banda,6000000.0
Nicola Sansone,1000000.0
Patrick Dorgu,12000000.0
Gabriel Strefezza,6000000.0
Pontus Almqvist,3000000.0
Santiago Pierotti,2500000.0
Jeppe Corfitzen,400000.0
Roberto Piccoli,4000000.0
Elia Caprile,6000000.0
Samuele Perisan,600000.0
Etrit Berisha,500000.0
Lovro Stubljar,300000.0
Sebastiano Luperto,3500000.0
Ardian Ismajli,3000000.0
Sebastian Walukiewicz,2500000.0
Gabriele Guarino,1000000.0
Saba Goglichidze,300000.0
Lorenzo Tonelli,200000.0
Giuseppe Pezzella,2200000.0
Liberato Cacace,2000000.0
Tyronne Ebuehi,2000000.0
Bartosz Bereszyński,1300000.0
Răzvan Marin,2700000.0
Alberto Grassi,1800000.0
Jacopo Fazzini,6000000.0
Youssef Maleh,4500000.0
Filippo Ranocchia,4000000.0
Szymon Żurkowski,2500000.0
Simone Bastoni,1500000.0
Luca Belardinelli,1000000.0
Tommaso Baldanzi,15000000.0
Daniel Maldini,4500000.0
Viktor Kovalenko,1500000.0
Emmanuel Gyasi,1800000.0
Emmanuel Ekong,500000.0
Matteo Cancellieri,4800000.0
Nicolò Cambiaghi,7000000.0
Roberto Piccoli,4000000.0
M'Baye Niang,2500000.0
Stiven Shpendi,2000000.0
Alberto Cerri,1700000.0
Francesco Caputo,1000000.0
Mattia Destro,500000.0
Guillermo Ochoa,1000000.0
Benoît Costil,600000.0
Vincenzo Fiorillo,150000.0
Pasquale Allocca,100000.0
Flavius Daniliuc,6000000.0
Lorenzo Pirola,5500000.0
Matteo Lovato,4000000.0
Marco Pellegrino,3500000.0
Norbert Gyömbér,1300000.0
Dylan Bronn,1300000.0
Triantafyllos Pasalidis,500000.0
Jérôme Boateng,400000.0
Federico Fazio,400000.0
Domagoj Bradarić,5000000.0
Alessandro Zanoli,5000000.0
Pasquale Mazzocchi,3000000.0
Junior Sambia,2000000.0
Niccolò Pierozzi,1800000.0
Mateusz Legowski,3000000.0
Emil Bohinen,1800000.0
Lassana Coulibaly,3500000.0
Giulio Maggiore,3500000.0
Toma Bašić,2800000.0
Agustín Martegani,1800000.0
Grigoris Kastanos,1800000.0
Antonio Candreva,1000000.0
Iron Gomis,900000.0
Jovane Cabral,2500000.0
Andres Sfait,500000.0
Loum Tchaouna,8000000.0
Emanuel Vignato,1100000.0
Boulaye Dia,10000000.0
Erik Botheim,3500000.0
Chukwubuikem Ikwuemesi,1800000.0
Shon Weissman,1700000.0
Mikael,300000.0
Trivante Stewart,150000.0
Simone Scuffet,2500000.0
Boris Radunović,1000000.0
Simone Aresti,75000.0
Alberto Dossena,5000000.0
Adam Obert,3500000.0
Mateusz Wieteska,3000000.0
Yerry Mina,3000000.0
Pantelis Hatzidiakos,2500000.0
Edoardo Goldaniga,1200000.0
Elio Capradossi,300000.0
Tommaso Augello,2000000.0
Paulo Azzi,1000000.0
Gabriele Zappa,2500000.0
Alessandro Di Pardo,900000.0
Matteo Prati,10000000.0
Antoine Makoumbou,4500000.0
Ibrahim Sulemana,4000000.0
Nahitan Nández,5000000.0
Alessandro Deiola,1900000.0
Marko Rog,1300000.0
Nicolas Viola,800000.0
Jakub Jankto,1200000.0
Gianluca Gaetano,6000000.0
Gaetano Oristanio,4000000.0
Gastón Pereiro,1000000.0
Marco Mancosu,400000.0
Jacopo Desogus,200000.0
Zito Luvumbo,7500000.0
Eldor Shomurodov,5000000.0
Andrea Petagna,3800000.0
Gianluca Lapadula,1500000.0
Leonardo Pavoletti,800000.0
Gianluigi Donnarumma,40000000.0
Arnau Tenas,5000000.0
Keylor Navas,1500000.0
Sergio Rico,1500000.0
Alexandre Letellier,250000.0
Marquinhos,50000000.0
Lucas Beraldo,30000000.0
Presnel Kimpembe,12000000.0
Nuno Mendes,55000000.0
Lucas Hernández,40000000.0
Layvin Kurzawa,1800000.0
Achraf Hakimi,60000000.0
Nordi Mukiele,10000000.0
Manuel Ugarte,45000000.0
Danilo Pereira,8000000.0
Warren Zaïre-Emery,60000000.0
Vitinha,50000000.0
Carlos Soler,20000000.0
Cher Ndour,4000000.0
Bradley Barcola,50000000.0
Ousmane Dembélé,60000000.0
Marco Asensio,20000000.0
Kylian Mbappé,180000000.0
Gonçalo Ramos,50000000.0
Randal Kolo Muani,45000000.0
Philipp Köhn,5000000.0
Yann Lienard,200000.0
Wilfried Singo,25000000.0
Mohammed Salisu,15000000.0
Guillermo Maripán,10000000.0
Thilo Kehrer,10000000.0
Chrislain Matsima,7000000.0
Ismail Jakobs,8000000.0
Kassoum Ouattara,8000000.0
Antonin Cartillier,200000.0
Vanderson,20000000.0
Ruben Aguilar,5000000.0
Youssouf Fofana,30000000.0
Denis Zakaria,25000000.0
Mohamed Camara,20000000.0
Soungoutou Magassa,8000000.0
Eliot Matazo,5000000.0
Edan Diop,2000000.0
Aleksandr Golovin,30000000.0
Takumi Minamino,20000000.0
Eliesse Ben Seghir,15000000.0
Maghnes Akliouche,25000000.0
Krépin Diatta,12000000.0
Gelson Martins,2500000.0
Folarin Balogun,30000000.0
Breel Embolo,12000000.0
Wissam Ben Yedder,8000000.0
Myron Boadu,5000000.0
Kevin Volland,4000000.0
Gauthier Gallon,1200000.0
Steve Mandanda,800000.0
Geoffrey Lembet,150000.0
Arthur Theate,20000000.0
Jeanuël Belocian,10000000.0
Alidu Seidu,9000000.0
Warmed Omari,8000000.0
Christopher Wooh,6000000.0
Jérémy Jacquet,500000.0
Adrien Truffert,18000000.0
Mahamadou Nagida,500000.0
Lorenz Assignon,10000000.0
Guéla Doué,7000000.0
Azor Matusiwa,12000000.0
Baptiste Santamaria,10000000.0
Benjamin Bourigeaud,18000000.0
Enzo Le Fée,18000000.0
Lovro Majer,20000000.0
Fabian Rieder,8000000.0
Désiré Doué,30000000.0
Martin Terrier,20000000.0
Ibrahim Salah,4000000.0
Ludovic Blas,15000000.0
Amine Gouiri,25000000.0
Arnaud Kalimuendo,20000000.0
Matthis Abline,6000000.0
Bertuğ Yıldırım,3500000.0
Mathis Lambourde,500000.0
Lucas Chevalier,25000000.0
Vito Mannone,200000.0
Adam Jakubech,200000.0
Leny Yoro,50000000.0
Bafodé Diakité,18000000.0
Tiago Djaló,12000000.0
Alexsandro,8000000.0
Samuel Umtiti,2500000.0
Rafael Fernandes,1500000.0
Gabriel Gudmundsson,5000000.0
Ismaily,1800000.0
Tiago Santos,15000000.0
Akim Zedadka,2000000.0
Carlos Baleba,22000000.0
Nabil Bentaleb,10000000.0
Benjamin André,8000000.0
Ignacio Miramón,2500000.0
Ayyoub Bouaddi,6000000.0
Angel Gomes,25000000.0
Yusuf Yazıcı,10000000.0
Rémy Cabella,3500000.0
Hákon Arnar Haraldsson,9000000.0
Alan Virginius,3500000.0
Tiago Morais,3000000.0
Ivan Cavaleiro,2000000.0
Edon Zhegrova,25000000.0
Adam Ounas,4000000.0
Jonathan David,50000000.0
Andrej Ilic,3000000.0
Pau López,10000000.0
Rubén Blanco,2000000.0
Simon Ngapandouetnbu,300000.0
Jelle Van Neck,100000.0
Leonardo Balerdi,20000000.0
Chancel Mbemba,15000000.0
Samuel Gigot,9000000.0
Bamo Meïté,6000000.0
Renan Lodi,18000000.0
Quentin Merlin,10000000.0
Ulisses Garcia,4000000.0
Emran Soglo,1000000.0
Jonathan Clauss,12000000.0
Geoffrey Kondogbia,12000000.0
Pape Gueye,6000000.0
Jean Onana,4000000.0
Mattéo Guendouzi,25000000.0
Jordan Veretout,15000000.0
Azzedine Ounahi,12000000.0
Valentin Rongier,12000000.0
Bilal Nadir,500000.0
Amine Harit,15000000.0
Iliman Ndiaye,15000000.0
Luis Henrique,8000000.0
François Mughe,800000.0
Joaquín Correa,6000000.0
Vitinha,14000000.0
Faris Moumbagna,10000000.0
Pierre-Emerick Aubameyang,5000000.0
Lucas Perri,6000000.0
Anthony Lopes,4000000.0
Justin Bengui Joao,300000.0
Rémy Riou,250000.0
Jake O'Brien,12000000.0
Adryelson,4000000.0
Dejan Lovren,1200000.0
Mamadou Sarr,1000000.0
Nicolás Tagliafico,8000000.0
Diego Moreira,3000000.0
Ainsley Maitland-Niles,9000000.0
Saël Kumbedi,7000000.0
Clinton Mata,4000000.0
Orel Mangala,20000000.0
Johann Lepenant,6000000.0
Skelly Alvero,4000000.0
Paul Akouokou,1500000.0
Maxence Caqueret,20000000.0
Corentin Tolisso,5000000.0
Mahamadou Diawara,3000000.0
Mohamed El Arouch,1500000.0
Rayan Cherki,25000000.0
Jeff Reine-Adélaïde,2000000.0
Bradley Barcola,50000000.0
Saïd Benrahma,20000000.0
Malick Fofana,15000000.0
Jeffinho,5000000.0
Ernest Nuamah,18000000.0
Alexandre Lacazette,9000000.0
Amin Sarr,4000000.0
Tino Kadewere,2500000.0
Maxime Dupé,1500000.0
Teddy Boulhendi,100000.0
Jean-Clair Todibo,35000000.0
Dante,500000.0
Amidou Doumbouya,300000.0
Yannis Nahounou,50000.0
Melvin Bard,12000000.0
Romain Perraud,5000000.0
Ayoub Amraoui,1500000.0
Jordan Lotomba,8000000.0
Youcef Atal,4300000.0
Valentin Rosier,4000000.0
Antoine Mendy,800000.0
Youssouf Ndayishimiye,15000000.0
Pablo Rosario,8000000.0
Alexis Beka Beka,1500000.0
Reda Belahyane,500000.0
Khéphren Thuram,35000000.0
Hicham Boudaoui,9000000.0
Morgan Sanson,8000000.0
Daouda Traoré,50000.0
Tom Louchet,3000000.0
Alexis Claude-Maurice,3500000.0
Sofiane Diop,12000000.0
Billal Brahimi,3000000.0
Badredine Bouanani,5000000.0
Terem Moffi,25000000.0
Gaëtan Laborde,10000000.0
Evann Guessand,8000000.0
Brice Samba,15000000.0
Jean-Louis Leca,200000.0
Yannick Pandor,100000.0
Kevin Danso,25000000.0
Facundo Medina,25000000.0
Jonathan Gradit,4500000.0
Abdukodir Khusanov,2500000.0
Julien Le Cardinal,1500000.0
Deiver Machado,4000000.0
Faitout Maouassa,4000000.0
Jhoanner Chávez,2000000.0
Ruben Aguilar,5000000.0
Salis Abdul Samed,8000000.0
Stijn Spierings,4500000.0
Nampalys Mendy,3000000.0
Andy Diouf,9000000.0
Neil El Aynaoui,8000000.0
Jimmy Cabot,2500000.0
Angelo Fulgini,7000000.0
Adrien Thomasson,5000000.0
Ayanda Sishuba,500000.0
Nolan Bonte,50000.0
Morgan Guilavogui,3000000.0
Elye Wahi,35000000.0
Wesley Saïd,4000000.0
Florian Sotoca,3000000.0
Ibrahima Baldé,300000.0
Matz Sels,7000000.0
Alaa Bellaarouch,2000000.0
Matthieu Dreyer,150000.0
Alexandre Pierre,100000.0
Abakar Sylla,12000000.0
Gerzino Nyamsi,4500000.0
Lucas Perrin,3000000.0
Steven Baseya,50000.0
Eduard Sobol,1500000.0
Thomas Delaine,1000000.0
Maxime Bastian,600000.0
Marvin Senaya,2000000.0
Karol Fila,700000.0
Ismaël Doukouré,10000000.0
Junior Mwanga,7000000.0
Ibrahima Sissoko,6000000.0
Jean-Eudes Aholou,800000.0
Jean-Ricner Bellegarde,15000000.0
Andrey Santos,15000000.0
Jessy Deminguet,1200000.0
Habib Diarra,18000000.0
Ângelo,15000000.0
Dilane Bakwa,10000000.0
Emanuel Emegha,12000000.0
Lebo Mothiba,1500000.0
Kévin Gameiro,700000.0
Benjamin Lecomte,3500000.0
Dimitry Bertaud,1200000.0
Belmin Dizdarevic,200000.0
Maxime Estève,7000000.0
Becir Omeragic,6000000.0
Modibo Sagnan,3000000.0
Christopher Jullien,2500000.0
Mamadou Sakho,800000.0
Issiaga Sylla,2500000.0
Théo Sainte-Luce,1000000.0
Falaye Sacko,4000000.0
Enzo Tchato,2500000.0
Silvan Hefti,2500000.0
Joris Chotard,10000000.0
Khalil Fayad,5000000.0
Jordan Ferri,4500000.0
Léo Leroy,1000000.0
Téji Savanier,9000000.0
Sacha Delaye,300000.0
Yann Karamoh,2500000.0
Wahbi Khazri,1800000.0
Arnaud Nordin,8000000.0
Tanguy Coulibaly,2000000.0
Elye Wahi,35000000.0
Akor Adams,10000000.0
Kelvin Yeboah,4000000.0
Yanis Guermouche,125000.0
Guillaume Restes,18000000.0
Álex Domínguez,300000.0
Thomas Himeur,50000.0
Justin Lacombe,50000.0
Logan Costa,12000000.0
Christian Mawissa,9000000.0
Anthony Rouault,7000000.0
Rasmus Nicolaisen,6000000.0
Moussa Diarra,2000000.0
Kévin Keben,500000.0
Gabriel Suazo,3500000.0
Oliver Zandén,800000.0
Mikkel Desler,3000000.0
Warren Kamanzi,2000000.0
Stijn Spierings,4500000.0
Vincent Sierro,4000000.0
Cristian Cásseres Jr.,4000000.0
Niklas Schmidt,3000000.0
Noah Lahmadi,50000.0
Farès Chaïbi,18000000.0
Denis Genreau,1500000.0
Naatan Skyttä,400000.0
Yann Gboho,4000000.0
Ibrahim Cissoko,1500000.0
Zakaria Aboukhlal,10000000.0
Aron Dønnum,3500000.0
Shavy Babicka,2000000.0
Mamady Bangré,800000.0
Noah Edjouma,50000.0
Thijs Dallinga,18000000.0
Frank Magri,3000000.0
Yanis Begraoui,900000.0
Bonota Traoré,50000.0
Yehvann Diouf,8000000.0
Alexandre Olliero,400000.0
Ludovic Butelle,100000.0
Joseph Okumu,9000000.0
Emmanuel Agbadou,9000000.0
Yunis Abdelhamid,600000.0
Sergio Akieme,7000000.0
Josh Wilson-Esbrand,4000000.0
Thibault De Smet,4000000.0
Thomas Foket,6000000.0
Maxime Busi,1500000.0
Thérence Koudou,800000.0
Ibrahim Diakité,800000.0
Azor Matusiwa,12000000.0
Benjamin Stambouli,700000.0
Amadou Koné,500000.0
Samuel Koeberlé,150000.0
Marshall Munetsi,10000000.0
Teddy Teuma,7000000.0
Amir Richardson,6000000.0
Valentin Atangana,1000000.0
Kamory Doumbia,5000000.0
Reda Khadra,3000000.0
Mohamed Daramy,10000000.0
Keito Nakamura,9000000.0
Mamadou Diakhon,700000.0
Junya Ito,8000000.0
Oumar Diakité,6000000.0
Amine Salama,2000000.0
Adama Bojang,500000.0
Yvon Mvogo,3000000.0
Alfred Gomis,1000000.0
Vito Mannone,200000.0
Dominique Youfeigane,150000.0
Montassar Talbi,7000000.0
Bamo Meïté,6000000.0
Formose Mendy,4500000.0
Nathaniel Adjei,2500000.0
Julien Laporte,2000000.0
Loris Mouyokolo,300000.0
Benjamin Mendy,2000000.0
Darlin Yongwa,1500000.0
Panos Katseris,2500000.0
Dembo Sylla,700000.0
Laurent Abergel,3000000.0
Tiemoué Bakayoko,2000000.0
Bonke Innocent,1000000.0
Jean-Victor Makengo,6000000.0
Ayman Kari,4000000.0
Quentin Boisgard,700000.0
Romain Faivre,15000000.0
Théo Le Bris,2000000.0
Julien Ponceau,3500000.0
Badredine Bouanani,5000000.0
Joel Mvuka,3500000.0
Eli Junior Kroupi,15000000.0
Mohamed Bamba,6000000.0
Bamba Dieng,4000000.0
Ibrahima Koné,2500000.0
Pablo Pagis,1000000.0
Siriné Doucouré,1000000.0
Alban Lafont,9000000.0
Rémy Descamps,1500000.0
Eray Cömert,4000000.0
Jean-Charles Castelletto,3500000.0
Bastien Meupiyou,800000.0
Nicolas Pallois,600000.0
Yannis M'Bemba,100000.0
Quentin Merlin,10000000.0
Nicolas Cozza,3500000.0
Jaouen Hadjam,2000000.0
Ronaël Pierre-Gabriel,3500000.0
Fabien Centonze,3000000.0
Kelvin Amian,2500000.0
Pedro Chirivella,7000000.0
Lamine Diack,1200000.0
Douglas Augusto,6000000.0
Samuel Moutoussamy,3000000.0
Moussa Sissoko,1200000.0
Mohamed Achi,200000.0
Florent Mollet,1800000.0
Moses Simon,12000000.0
Stredair Appuah,500000.0
Marquinhos,7000000.0
Adson,4500000.0
Marcus Coco,1500000.0
Abdoul Kader Bamba,900000.0
Mostafa Mohamed,10000000.0
Matthis Abline,6000000.0
Bénie Traoré,4000000.0
Ignatius Ganago,3000000.0
Tino Kadewere,2500000.0
Marco Bizot,4000000.0
Grégoire Coudert,400000.0
Yan Marillat,150000.0
Lilian Brassier,12000000.0
Brendan Chardonnet,8000000.0
Achraf Dari,2000000.0
Christophe Hérelle,1500000.0
Julien Le Cardinal,1500000.0
Josué Escartin,150000.0
Bradley Locko,12000000.0
Jordan Amavi,1200000.0
Antonin Cartillier,200000.0
Kenny Lala,3000000.0
Luck Zogbé,100000.0
Pierre Lees-Melou,10000000.0
Jonas Martin,1000000.0
Mahdi Camara,10000000.0
Hugo Magnetti,7000000.0
Kamory Doumbia,5000000.0
Adrien Lebeau,300000.0
Jérémy Le Douaron,5000000.0
Billal Brahimi,3000000.0
Mathias Pereira Lage,2500000.0
Axel Camblan,500000.0
Romain Del Castillo,10000000.0
Steve Mounié,6000000.0
Arthur Desmas,2500000.0
Mohamed Koné,500000.0
Mathieu Gorgelin,200000.0
Arouna Sangante,10000000.0
Étienne Youté Kinkoué,7000000.0
Gautier Lloris,3000000.0
Yoann Salmier,1500000.0
Yoni Gomis,50000.0
Christopher Operi,4000000.0
Cheick Doumbia,50000.0
Loïc Nego,900000.0
Oualid El Hajjam,800000.0
Abdoulaye Touré,3000000.0
Nolan Mbemba,350000.0
Daler Kuzyaev,8000000.0
Yassine Kechta,5000000.0
Oussama Targhalline,2500000.0
Rassoul Ndiaye,2500000.0
Nabil Alioui,3200000.0
Mokrane Bentoumi,50000.0
Antoine Joujou,1500000.0
André Ayew,1000000.0
Issa Soumaré,800000.0
Kandet Diawara,400000.0
Josué Casimir,3000000.0
Emmanuel Sabbi,2500000.0
Samuel Grandsir,1500000.0
Andy Logbo,800000.0
Guillaume Dietsch,600000.0
Alexandre Oukidja,500000.0
Marc-Aurèle Caillard,200000.0
Fali Candé,2500000.0
Christophe Hérelle,1500000.0
Sadibou Sané,800000.0
Ismaël Traoré,250000.0
Matthieu Udol,2500000.0
Koffi Kouao,1500000.0
Maxime Colin,900000.0
Habib Maïga,2500000.0
Danley Jean Jacques,2000000.0
Kévin N'Doram,1500000.0
Arthur Atta,1000000.0
Warren Tchimbembé,300000.0
Lamine Camara,10000000.0
Joseph Nduquidi,800000.0
Sami Lahssaini,400000.0
Papa Amadou Diallo,1000000.0
Didier Lamkel Zé,1000000.0
Ablie Jallow,2000000.0
Joel Asoro,1500000.0
Malick Mbaye,500000.0
Georges Mikautadze,15000000.0
Simon Elisor,1000000.0
Benjamin Tetteh,1000000.0
Ibou Sané,300000.0
Mory Diaw,1800000.0
Théo Borne,50000.0
Alidu Seidu,9000000.0
Chrislain Matsima,7000000.0
Andy Pelmard,3500000.0
Mateusz Wieteska,3000000.0
Maximiliano Caufriez,2500000.0
Jérémy Jacquet,500000.0
Florent Ogier,300000.0
Neto Borges,3000000.0
Yoël Armougom,300000.0
Cheick Oumar Konaté,1500000.0
Mehdi Zeffane,500000.0
Yohann Magnin,2000000.0
Maxime Gonalons,700000.0
Johan Gastien,500000.0
Muhammed Cham,6000000.0
Aïman Maurer,500000.0
Alan Virginius,3500000.0
Jérémie Bela,600000.0
Jim Allevinah,2000000.0
Bilal Boutobba,1800000.0
Shamar Nicholson,5000000.0
Grejohn Kyei,1500000.0
